primer_name,sequence
P100_DNMT3A_inner_1,CACCCGAGAATTCCATGACGTCTCCAACATGAGCCG
P100_DNMT3A_inner_2,CACCCGAGAATTCCAATGACGTCTCCAACATGAGCCG
P100_DNMT3A_inner_3,CACCCGAGAATTCCATTTGACGTCTCCAACATGAGCCG
P100_DNMT3A_inner_4,CACCCGAGAATTCCACATTGACGTCTCCAACATGAGCCG
P100_DNMT3A_middle,AAGCAGGGCAAAGACCAGCA
P100_DNMT3A_outer,CACACAGGGCCCGCTACTTC
P100_NPM1_inner_1,CACCCGAGAATTCCACCGGATGACTGACCAAGAGGC
P100_NPM1_inner_2,CACCCGAGAATTCCAACCGGATGACTGACCAAGAGGC
P100_NPM1_inner_3,CACCCGAGAATTCCATTCCGGATGACTGACCAAGAGGC
P100_NPM1_inner_4,CACCCGAGAATTCCACATCCGGATGACTGACCAAGAGGC
P100_NPM1_middle,ACACCAAAAGGACCTAGTTCTGT
P100_NPM1_outer,GGAAGCTGAAGAAAAAGCGCCA
